{
      "text": "Matthew holds a Bachelor's degree in Computer Science from The Ohio State University",
      "quick_replies": [
        {
          "content_type":"text",
          "title":"Education",
          "payload":"Education"
        },
        {
          "content_type":"text",
          "title":"Software",
          "payload":"Software"
        },
        {
          "content_type":"text",
          "title":"Languages",
          "payload":"Languages"
        },
        {
          "content_type":"text",
          "title":"Architecture",
          "payload":"Architecture"
        },
        {
          "content_type":"text",
          "title":"Home",
          "payload":"Home"
        }
      ]
}
