{
      "attachment": {
        "type": "template",
        "payload": {
         "template_type": "generic",
          "elements": [
          {
            "title": "Folders CBM",
            "subtitle": "Découvrez nos folders !",
            "item_url": "https://cbminformatique.biz/nos-folders/",               
            "image_url": "https://raw.githubusercontent.com/Tracehunter/fb-robot/master/img/FOLDER.png",
            "buttons": [
            {
              "type": "web_url",
              "url": "https://cbminformatique.biz/folder/",
              "title": "Folder CBM"
            },
            {
              "type": "web_url",
              "url": "https://cbminformatique.biz/deals/",
              "title": "Folder DEALS"
            },
            {
              "type": "postback",
              "title": "Retour au menu",
              "payload": "home"
            }
            ]
          }
          ]
      }
   }
}
