{     
      "attachment": {
        "type": "template",
        "payload": {
         "template_type": "generic",
          "elements": [
          {
            "title": "CBM Informatique",
            "subtitle": "Visitez notre site Web !",
            "item_url": "https://cbminformatique.biz/",               
            "image_url": "https://raw.githubusercontent.com/Tracehunter/fb-robot/master/img/CBM_alt.png",
            "buttons": [
            {
              "type": "postback",
              "title": "Voir nos folders",
              "payload": "folders"
            },
            {
              "type": "postback",
              "title": "Commander un produit",
              "payload": "order"
            },
            {
              "type": "postback",
              "title": "J'ai besoin d'aide !",
              "payload": "help"
            }
            ]
          }, 
          {
            "title": "Support Informatique",
            "subtitle": "Besoin d'un coup de main ? Découvrez nos contrats de maintenance !",
            "item_url": "https://cbminformatique.biz/maintenance/",               
            "image_url": "https://raw.githubusercontent.com/Tracehunter/fb-robot/master/img/maintenance.png",
            "buttons": [
            {
              "type": "postback",
              "title": "Contact",
              "payload": "Contact"
            }, 
            {
              "type": "postback",
              "title": "Je souhaite souscrire à un contrat de maintenance",
              "payload": "Social media"
            },
            {
              "type": "postback",
              "title": "J'ai déjà un contrat de maintenance",
              "payload": "contratok"
            }
            ]
          }, 
          { 
            "title": "Custom Examples",
            "subtitle": "A few small apps to give an idea of the possibilites",
            "item_url": "https://dynamic-memory.com",
            "image_url": "https://raw.githubusercontent.com/matthewericfisher/fb-robot/master/img/danger-man-at-work-hi.png",
            "buttons": [
            {
              "type": "postback",
              "title": "Tell me a joke 😜",
              "payload": "joke"
            },
            {
              "type": "postback",
              "title": "Random Image",
              "payload": "image"
            },
            {
              "type": "postback",
              "title": "Who am I?",
              "payload": "who"
            }
            ]
          },
          { 
            "title": "Bot Examples",
            "subtitle": "Some great bots",
            "item_url": "https://developers.facebook.com/products/messenger/",
            "image_url": "https://raw.githubusercontent.com/matthewericfisher/fb-robot/master/img/example.jpeg",
            "buttons": [
            {
              "type": "web_url",
              "url": "https://www.messenger.com/t/HealthTap",
              "title": "Health Tap"
            },
            {
              "type": "web_url",
              "url": "http://www.messenger.com/t/helloestherbot",
              "title": "Esther's cool bot"
            },
            {
              "type": "web_url",
              "url": "http://www.messenger.com/t/techcrunch",
              "title": "TechCrunch news bot"
            }
            ]
          }
          ]
        }
      }
    }

